1,Bro Code,Python Full Course for free,Video,English,Beginner,1,11.90,"A comprehensive Python course covering Python fundamentals, data structures, object-oriented programming, file handling, multithreading, APIs, PyQt5 GUI development, and hands-on projects.",https://www.youtube.com/@BroCodez,https://www.youtube.com/watch?v=ix9cRaBkVe0
2,Programming with Mosh,Python Full Course for Beginners,Video,English,Beginner,1,6.24,"Comprehensive beginner-friendly Python course covering fundamentals, object-oriented programming, modules, packages, exceptions, and three practical projects including automation, machine learning, and Django web development.",https://www.youtube.com/@programmingwithmosh,https://www.youtube.com/watch?v=_uQrJ0TkZlc
3,Programming with Mosh,Python Tutorial - Python Full Course for Beginners,Video,English,Beginner,1,2.04,"A beginner-friendly Python tutorial covering core programming concepts, data structures, functions, classes, modules, and practical examples for getting started with Python.",https://www.youtube.com/@programmingwithmosh,http://youtube.com/watch?v=K5KVEU3aaeQ
1,Telusko,Python Tutorial for Beginners,Playlist,English,Beginner,125,17.40,"A comprehensive Python playlist covering Python fundamentals, object-oriented programming, functions, modules, file handling, exceptions, decorators, generators, multithreading, databases, Django basics, and practical programming concepts.",https://www.youtube.com/@Telusko,https://www.youtube.com/playlist?list=PLsyeobzWxl7omDoEYrrf3oXvXxa6MPgek
2,Telusko,Python for Beginners,Playlist,English,Beginner,93,36.00,"Easy Python tutorial for beginners",https://www.youtube.com/@Telusko,https://www.youtube.com/playlist?list=PLsyeobzWxl7poL9JTVyndKe62ieoN-MZ3
1,CodeWithHarry,Python Tutorial for Beginners (Full Course),Video,Hindi,Beginner,1,11.95,"A complete Python crash course in Hindi covering Python fundamentals, functions, OOP, modules, file handling, exceptions, and practical examples for beginners.",https://www.youtube.com/@CodeWithHarry,https://www.youtube.com/watch?v=UrsmFxEIp5k
2,Apna College,Python Tutorial for Beginners | Complete Python Course,Video,Hindi,Beginner,1,12.00,"A beginner-friendly Python course in Hindi covering Python basics, data structures, functions, object-oriented programming, file handling, and practice problems.",https://www.youtube.com/@ApnaCollegeOfficial,https://www.youtube.com/watch?v=ERCMXc8x7mc
1,Apna College,Python Language Full Course (2026),Playlist,Hindi,Beginner,9,18.50,"A structured Python course in Hindi covering variables, data types, strings, conditionals, loops, functions, collections, object-oriented programming, and practical programming concepts with detailed lectures.",https://www.youtube.com/@ApnaCollegeOfficial,https://www.youtube.com/playlist?list=PLGjplNEQ1it8-0CmoljS5yeV-GlKSUEt0
2,CodeWithHarry,Python Tutorials For Absolute Beginners in Hindi,Playlist,Hindi,Beginner,100,27.80,"A complete Python course in Hindi covering Python fundamentals, OOP, file handling, modules, projects, libraries, and practical programming from beginner to intermediate level.",https://www.youtube.com/@CodeWithHarry,https://www.youtube.com/playlist?list=PLu0W_9lII9agwh1XjRt242xIpHhPT2llg
1,College Coders,Python Full Course in Telugu | From Basics to Projects | Python Tutorial in Telugu,Video,Telugu,Beginner,1,12.00,"A complete Python course in Telugu covering Python fundamentals, variables, data types, operators, control statements, functions, object-oriented programming, file handling, modules, exceptions, and hands-on projects for beginners.",https://www.youtube.com/@CollegeCoders,https://www.youtube.com/watch?v=Sf9El3N3kLs
2,Swaroop Talks,Python Full Course in Telugu | Zero to Hero by Swaroop | One Shot | 9 HOURS,Video,Telugu,Beginner,1,9.00,"A one-shot Python course in Telugu covering Python fundamentals, variables, data types, control flow, functions, object-oriented programming, file handling, modules, exceptions, and beginner-friendly coding examples.",https://www.youtube.com/@SwaroopTalks,https://www.youtube.com/watch?v=fHKPQEVCX-s
1,College Coders,2026 Python Full Course in Telugu,Playlist,Telugu,Beginner,20,12.00,"A structured Python playlist in Telugu covering Python fundamentals, installation, variables, operators, control statements, functions, object-oriented programming, file handling, modules, exceptions, and practical programming concepts.",https://www.youtube.com/@CollegeCoders,https://www.youtube.com/playlist?list=PLD7HLs2NCdoVZzwFWKxOtYkuRYdHtFFYY
2,Swaroop Talks,Python Full Course Playlist,Playlist,Telugu,Beginner,11,9.00,"A beginner-friendly Python playlist in Telugu covering Python basics, flowcharts, algorithms, variables, data types, control flow, functions, object-oriented programming, and hands-on coding examples.",https://www.youtube.com/@SwaroopTalks,https://www.youtube.com/playlist?list=PLS8lzSv6JRJ2OC7KVp05jqtY4MgLsitdX
