Section,Topic,YouTube Link
"Step 1 : Learn the basics","User Input / Output","https://youtu.be/EAR7De6Goz4?t=250"
"Step 1 : Learn the basics","Data Types","https://youtu.be/EAR7De6Goz4?t=755"
"Step 1 : Learn the basics","If Else statements","https://youtu.be/EAR7De6Goz4?t=1259"
"Step 1 : Learn the basics","Switch Statement","https://youtu.be/EAR7De6Goz4"
"Step 1 : Learn the basics","For loops","https://youtu.be/EAR7De6Goz4?t=3096"
"Step 1 : Learn the basics","While loops","https://youtu.be/EAR7De6Goz4?t=3459"
"Step 1 : Learn the basics","Functions (Pass by Reference and Value)","https://youtu.be/EAR7De6Goz4?t=3677"
"Step 1 : Learn the basics","What are arrays, strings?",""
"Step 1 : Learn the basics","Time Complexity [Learn Basics, and then analyse in next Steps]",""
"Step 1 : Learn the basics","Count Digits","https://youtu.be/1xNbjMdbjug"
"Step 1 : Learn the basics","Reverse a Number","https://youtu.be/1xNbjMdbjug?t=930"
"Step 1 : Learn the basics","Check Palindrome","https://youtu.be/1xNbjMdbjug?t=1230"
"Step 1 : Learn the basics","GCD Or HCF","https://youtu.be/1xNbjMdbjug?t=2684"
"Step 1 : Learn the basics","Armstrong Numbers","https://youtu.be/1xNbjMdbjug?t=1418"
"Step 1 : Learn the basics","Print all Divisors","https://youtu.be/1xNbjMdbjug?t=1580"
"Step 1 : Learn the basics","Check for Prime","https://youtu.be/1xNbjMdbjug?t=2381"
"Step 1 : Learn the basics","Understand recursion by print something N times","https://www.youtube.com/watch?v=yVdKa8dnKiE&list=PLgUwDviBIf0rGlzIn_7rsaR2FQ5e6ZOL9"
"Step 1 : Learn the basics","Print name N times using recursion","https://www.youtube.com/watch?v=un6PLygfXrA&list=PLgUwDviBIf0rGlzIn_7rsaR2FQ5e6ZOL9&index=2"
"Step 1 : Learn the basics","Print 1 to N using recursion","https://www.youtube.com/watch?v=un6PLygfXrA&list=PLgUwDviBIf0rGlzIn_7rsaR2FQ5e6ZOL9&index=2"
"Step 1 : Learn the basics","Print N to 1 using recursion","https://www.youtube.com/watch?v=un6PLygfXrA&list=PLgUwDviBIf0rGlzIn_7rsaR2FQ5e6ZOL9&index=2"
"Step 1 : Learn the basics","Sum of first N numbers","https://www.youtube.com/watch?v=69ZCDFy-OUo&list=PLgUwDviBIf0rGlzIn_7rsaR2FQ5e6ZOL9&index=3"
"Step 1 : Learn the basics","Factorial of N numbers","https://www.youtube.com/watch?v=69ZCDFy-OUo&list=PLgUwDviBIf0rGlzIn_7rsaR2FQ5e6ZOL9&index=3"
"Step 1 : Learn the basics","Reverse an array","https://www.youtube.com/watch?v=twuC1F6gLI8&list=PLgUwDviBIf0rGlzIn_7rsaR2FQ5e6ZOL9&index=4"
"Step 1 : Learn the basics","Check if a string is palindrome or not","https://www.youtube.com/watch?v=twuC1F6gLI8&list=PLgUwDviBIf0rGlzIn_7rsaR2FQ5e6ZOL9&index=4"
"Step 1 : Learn the basics","Fibonacci Number","https://www.youtube.com/watch?v=kvRjNm4rVBE&list=PLgUwDviBIf0rGlzIn_7rsaR2FQ5e6ZOL9&index=5"
"Step 1 : Learn the basics","Counting frequencies of array elements",""
"Step 1 : Learn the basics","Find the highest/lowest frequency element",""
"Step 1 : Learn the basics","Hashing Theory",""
"Step 2 : Learn Important Sorting Techniques","Selection Sort","https://youtu.be/HGk_ypEuS24?t=167"
"Step 2 : Learn Important Sorting Techniques","Bubble Sort","https://youtu.be/HGk_ypEuS24?t=1061"
"Step 2 : Learn Important Sorting Techniques","Insertion Sort","https://youtu.be/HGk_ypEuS24?t=1900"
"Step 2 : Learn Important Sorting Techniques","Merge Sort","https://youtu.be/ogjf7ORKfd8"
"Step 2 : Learn Important Sorting Techniques","Recursive Bubble Sort",""
"Step 2 : Learn Important Sorting Techniques","Recursive Insertion Sort",""
"Step 2 : Learn Important Sorting Techniques","Quick Sort","https://youtu.be/WIrA4YexLRQ"
"Step 3 : Solve Problems on Arrays [Easy -> Medium -> Hard]","Largest Element in an Array","https://youtu.be/37E9ckMDdTk?t=526"
"Step 3 : Solve Problems on Arrays [Easy -> Medium -> Hard]","Second Largest Element in an Array without sorting","https://youtu.be/37E9ckMDdTk?t=810"
"Step 3 : Solve Problems on Arrays [Easy -> Medium -> Hard]","Check if the array is sorted","https://youtu.be/37E9ckMDdTk?t=17224"
"Step 3 : Solve Problems on Arrays [Easy -> Medium -> Hard]","Remove duplicates from Sorted array","https://youtu.be/37E9ckMDdTk?t=1887"
"Step 3 : Solve Problems on Arrays [Easy -> Medium -> Hard]","Left Rotate an array by one place","https://youtu.be/wvcQg43_V8U?t=61"
"Step 3 : Solve Problems on Arrays [Easy -> Medium -> Hard]","Left rotate an array by D places","https://youtu.be/wvcQg43_V8U?t=485"
"Step 3 : Solve Problems on Arrays [Easy -> Medium -> Hard]","Move Zeros to end","https://youtu.be/wvcQg43_V8U?t=1633"
"Step 3 : Solve Problems on Arrays [Easy -> Medium -> Hard]","Linear Search","https://youtu.be/wvcQg43_V8U?t=2465"
"Step 3 : Solve Problems on Arrays [Easy -> Medium -> Hard]","Find the Union","https://youtu.be/wvcQg43_V8U?t=2584"
"Step 3 : Solve Problems on Arrays [Easy -> Medium -> Hard]","Find missing number in an array","https://youtu.be/bYWLJb3vCWY?t=57"
"Step 3 : Solve Problems on Arrays [Easy -> Medium -> Hard]","Maximum Consecutive Ones","https://youtu.be/bYWLJb3vCWY?t=1124"
"Step 3 : Solve Problems on Arrays [Easy -> Medium -> Hard]","Find the number that appears once, and other numbers twice.","https://youtu.be/bYWLJb3vCWY?t=1369"
"Step 3 : Solve Problems on Arrays [Easy -> Medium -> Hard]","Longest subarray with given sum K(positives)","https://www.youtube.com/watch?v=frf7qxiN2qU&feature=youtu.be"
"Step 3 : Solve Problems on Arrays [Easy -> Medium -> Hard]","Longest subarray with sum K (Positives + Negatives)","https://www.youtube.com/watch?v=frf7qxiN2qU"
"Step 3 : Solve Problems on Arrays [Easy -> Medium -> Hard]","2Sum Problem","https://youtu.be/UXDSeD9mN-k"
"Step 3 : Solve Problems on Arrays [Easy -> Medium -> Hard]","Sort an array of 0's 1's and 2's","https://youtu.be/tp8JIuCXBaU"
"Step 3 : Solve Problems on Arrays [Easy -> Medium -> Hard]","Majority Element (>n/2 times)","https://youtu.be/nP_ns3uSh80"
"Step 3 : Solve Problems on Arrays [Easy -> Medium -> Hard]","Kadane's Algorithm, maximum subarray sum","https://www.youtube.com/watch?v=w_KEocd__20&list=PLgUwDviBIf0rPG3Ictpu74YWBQ1CaBkm2&index=5"
"Step 3 : Solve Problems on Arrays [Easy -> Medium -> Hard]","Print subarray with maximum subarray sum (extended version of above problem)","https://youtu.be/AHZpyENo7k4"
"Step 3 : Solve Problems on Arrays [Easy -> Medium -> Hard]","Stock Buy and Sell","https://youtu.be/excAOvwF_Wk"
"Step 3 : Solve Problems on Arrays [Easy -> Medium -> Hard]","Rearrange the array in alternating positive and negative items","https://youtu.be/h4aBagy4Uok"
"Step 3 : Solve Problems on Arrays [Easy -> Medium -> Hard]","Next Permutation","https://youtu.be/JDOXKqF60RQ"
"Step 3 : Solve Problems on Arrays [Easy -> Medium -> Hard]","Leaders in an Array problem","https://youtu.be/cHrH9CQ8pmY"
"Step 3 : Solve Problems on Arrays [Easy -> Medium -> Hard]","Longest Consecutive Sequence in an Array","https://youtu.be/oO5uLE7EUlM"
"Step 3 : Solve Problems on Arrays [Easy -> Medium -> Hard]","Set Matrix Zeros","https://youtu.be/N0MgLvceX7M"
"Step 3 : Solve Problems on Arrays [Easy -> Medium -> Hard]","Rotate Matrix by 90 degrees","https://youtu.be/Z0R2u6gd3GU"
"Step 3 : Solve Problems on Arrays [Easy -> Medium -> Hard]","Print the matrix in spiral manner","https://youtu.be/3Zv-s9UUrFM"
"Step 3 : Solve Problems on Arrays [Easy -> Medium -> Hard]","Count subarrays with given sum","https://www.youtube.com/watch?v=xvNwoz-ufXA&list=PLgUwDviBIf0oF6QL8m22w1hIDC1vJ_BHz&index=32"
"Step 3 : Solve Problems on Arrays [Easy -> Medium -> Hard]","Pascal's Triangle","https://youtu.be/bR7mQgwQ_o8"
"Step 3 : Solve Problems on Arrays [Easy -> Medium -> Hard]","Majority Element (n/3 times)","https://youtu.be/vwZj1K0e9U8"
"Step 3 : Solve Problems on Arrays [Easy -> Medium -> Hard]","3-Sum Problem","https://youtu.be/DhFh8Kw7ymk"
"Step 3 : Solve Problems on Arrays [Easy -> Medium -> Hard]","4-Sum Problem","https://youtu.be/eD95WRfh81c"
"Step 3 : Solve Problems on Arrays [Easy -> Medium -> Hard]","Largest Subarray with 0 Sum","https://www.youtube.com/watch?v=xmguZ6GbatA&list=PLgUwDviBIf0p4ozDR_kJJkONnb1wdx2Ma&index=23"
"Step 3 : Solve Problems on Arrays [Easy -> Medium -> Hard]","Count number of subarrays with given xor K","https://youtu.be/eZr-6p0B7ME"
"Step 3 : Solve Problems on Arrays [Easy -> Medium -> Hard]","Merge Overlapping Subintervals","https://youtu.be/IexN60k62jo"
"Step 3 : Solve Problems on Arrays [Easy -> Medium -> Hard]","Merge two sorted arrays without extra space","https://youtu.be/n7uwj04E0I4"
"Step 3 : Solve Problems on Arrays [Easy -> Medium -> Hard]","Find the repeating and missing number","https://youtu.be/2D0D8HE6uak"
"Step 3 : Solve Problems on Arrays [Easy -> Medium -> Hard]","Count Inversions","https://youtu.be/AseUmwVNaoY"
"Step 3 : Solve Problems on Arrays [Easy -> Medium -> Hard]","Reverse Pairs","https://youtu.be/0e4bZaP3MDI"
"Step 3 : Solve Problems on Arrays [Easy -> Medium -> Hard]","Maximum Product Subarray","https://youtu.be/hnswaLJvr6g"
"Step 4 : Binary Search [1D, 2D Arrays, Search Space]","Binary Search to find X in sorted array","https://youtu.be/MHf6awe89xw"
"Step 4 : Binary Search [1D, 2D Arrays, Search Space]","Implement Lower Bound","https://youtu.be/6zhGS79oQ4k"
"Step 4 : Binary Search [1D, 2D Arrays, Search Space]","Implement Upper Bound","https://youtu.be/6zhGS79oQ4k"
"Step 4 : Binary Search [1D, 2D Arrays, Search Space]","Search Insert Position","https://youtu.be/6zhGS79oQ4k"
"Step 4 : Binary Search [1D, 2D Arrays, Search Space]","Floor/Ceil in Sorted Array","https://www.youtube.com/watch?v=6zhGS79oQ4k&list=PLgUwDviBIf0pMFMWuuvDNMAkoQFi-h0ZF&index=3"
"Step 4 : Binary Search [1D, 2D Arrays, Search Space]","Find the first or last occurrence of a given number in a sorted array","https://youtu.be/hjR1IYVx9lY"
"Step 4 : Binary Search [1D, 2D Arrays, Search Space]","Count occurrences of a number in a sorted array with duplicates","https://youtu.be/hjR1IYVx9lY"
"Step 4 : Binary Search [1D, 2D Arrays, Search Space]","Search in Rotated Sorted Array I","https://youtu.be/5qGrJbHhqFs"
"Step 4 : Binary Search [1D, 2D Arrays, Search Space]","Search in Rotated Sorted Array II","https://youtu.be/w2G2W8l__pc"
"Step 4 : Binary Search [1D, 2D Arrays, Search Space]","Find minimum in Rotated Sorted Array","https://youtu.be/nhEMDKMB44g"
"Step 4 : Binary Search [1D, 2D Arrays, Search Space]","Find out how many times has an array been rotated","https://youtu.be/jtSiWTPLwd0"
"Step 4 : Binary Search [1D, 2D Arrays, Search Space]","Single element in a Sorted Array","https://youtu.be/AZOmHuHadxQ"
"Step 4 : Binary Search [1D, 2D Arrays, Search Space]","Find peak element","https://youtu.be/cXxmbemS6XM"
"Step 4 : Binary Search [1D, 2D Arrays, Search Space]","Find square root of a number in log n","https://youtu.be/Bsv3FPUX_BA"
"Step 4 : Binary Search [1D, 2D Arrays, Search Space]","Find the Nth root of a number using binary search","https://youtu.be/rjEJeYCasHs"
"Step 4 : Binary Search [1D, 2D Arrays, Search Space]","Koko Eating Bananas","https://youtu.be/qyfekrNni90"
"Step 4 : Binary Search [1D, 2D Arrays, Search Space]","Minimum days to make M bouquets","https://youtu.be/TXAuxeYBTdg"
"Step 4 : Binary Search [1D, 2D Arrays, Search Space]","Find the smallest Divisor","https://youtu.be/UvBKTVaG6U8"
"Step 4 : Binary Search [1D, 2D Arrays, Search Space]","Capacity to Ship Packages within D Days","https://youtu.be/MG-Ac4TAvTY"
"Step 4 : Binary Search [1D, 2D Arrays, Search Space]","Kth Missing Positive Number","https://youtu.be/uZ0N_hZpyps"
"Step 4 : Binary Search [1D, 2D Arrays, Search Space]","Aggressive Cows","https://youtu.be/R_Mfw4ew-Vo"
"Step 4 : Binary Search [1D, 2D Arrays, Search Space]","Book Allocation Problem","https://youtu.be/Z0hwjftStI4"
"Step 4 : Binary Search [1D, 2D Arrays, Search Space]","Split array - Largest Sum","https://www.youtube.com/watch?v=thUd_WJn6wk&list=PLgUwDviBIf0pMFMWuuvDNMAkoQFi-h0ZF&index=20"
"Step 4 : Binary Search [1D, 2D Arrays, Search Space]","Painter's partition","https://www.youtube.com/watch?v=thUd_WJn6wk&list=PLgUwDviBIf0pMFMWuuvDNMAkoQFi-h0ZF&index=20"
"Step 4 : Binary Search [1D, 2D Arrays, Search Space]","Minimize Max Distance to Gas Station","https://www.youtube.com/watch?v=kMSBvlZ-_HA&list=PLgUwDviBIf0pMFMWuuvDNMAkoQFi-h0ZF&index=21"
"Step 4 : Binary Search [1D, 2D Arrays, Search Space]","Median of 2 sorted arrays","https://youtu.be/C2rRzz-JDk8"
"Step 4 : Binary Search [1D, 2D Arrays, Search Space]","Kth element of 2 sorted arrays","https://youtu.be/D1oDwWCq50g"
"Step 4 : Binary Search [1D, 2D Arrays, Search Space]","Find the row with maximum number of 1's","https://youtu.be/SCz-1TtYxDI"
"Step 4 : Binary Search [1D, 2D Arrays, Search Space]","Search in a 2 D matrix","https://youtu.be/JXU4Akft7yk"
"Step 4 : Binary Search [1D, 2D Arrays, Search Space]","Search in a row and column wise sorted matrix","https://youtu.be/9ZbB397jU4k"
"Step 4 : Binary Search [1D, 2D Arrays, Search Space]","Find Peak Element (2D Matrix)","https://youtu.be/nGGp5XBzC4g?si=WCop5C6Azj5gAELH"
"Step 4 : Binary Search [1D, 2D Arrays, Search Space]","Matrix Median","https://youtu.be/Q9wXgdxJq48?si=ScI_0uzJh7yg8nrX"
"Step 5 : Strings [Basic and Medium]","Remove outermost Paranthesis",""
"Step 5 : Strings [Basic and Medium]","Reverse words in a given string / Palindrome Check",""
"Step 5 : Strings [Basic and Medium]","Largest odd number in a string",""
"Step 5 : Strings [Basic and Medium]","Longest Common Prefix",""
"Step 5 : Strings [Basic and Medium]","Isomorphic String",""
"Step 5 : Strings [Basic and Medium]","check whether one string is a rotation of another",""
"Step 5 : Strings [Basic and Medium]","Check if two strings are anagram of each other",""
"Step 5 : Strings [Basic and Medium]","Sort Characters by frequency",""
"Step 5 : Strings [Basic and Medium]","Maximum Nesting Depth of Paranthesis",""
"Step 5 : Strings [Basic and Medium]","Roman Number to Integer and vice versa",""
"Step 5 : Strings [Basic and Medium]","Implement Atoi",""
"Step 5 : Strings [Basic and Medium]","Count Number of Substrings",""
"Step 5 : Strings [Basic and Medium]","Longest Palindromic Substring[Do it without DP]",""
"Step 5 : Strings [Basic and Medium]","Sum of Beauty of all substring",""
"Step 5 : Strings [Basic and Medium]","Reverse Every Word in A String",""
"Step 6 : Learn LinkedList [Single LL, Double LL, Medium, Hard Problems]","Introduction to LinkedList, learn about struct, and how is node represented","https://youtu.be/Nq7ok-OyEpg?si=9PR1o8OPRWil7fRA"
"Step 6 : Learn LinkedList [Single LL, Double LL, Medium, Hard Problems]","Inserting a node in LinkedList","https://youtu.be/VaECK03Dz-g?si=vHSwdf9jhE05adKM&t=1934"
"Step 6 : Learn LinkedList [Single LL, Double LL, Medium, Hard Problems]","Deleting a node in LinkedList","https://youtu.be/VaECK03Dz-g?si=CRaBHbOo2bHFbOT5"
"Step 6 : Learn LinkedList [Single LL, Double LL, Medium, Hard Problems]","Find the length of the linkedlist [learn traversal]","https://youtu.be/Nq7ok-OyEpg?si=xqQbukLfo2oZ6C6s&t=2240"
"Step 6 : Learn LinkedList [Single LL, Double LL, Medium, Hard Problems]","Search an element in the LL","https://youtu.be/Nq7ok-OyEpg?si=WNXcIaXZ_B6cNq0s&t=2524"
"Step 6 : Learn LinkedList [Single LL, Double LL, Medium, Hard Problems]","Introduction to DLL, learn about struct, and how is node represented","https://youtu.be/0eKMU10uEDI?si=uDnoj_C5ghEpNLvP"
"Step 6 : Learn LinkedList [Single LL, Double LL, Medium, Hard Problems]","Insert a node in DLL","https://youtu.be/0eKMU10uEDI?si=J5a0pQTosimcO_aA&t=2684"
"Step 6 : Learn LinkedList [Single LL, Double LL, Medium, Hard Problems]","Delete a node in DLL","https://youtu.be/0eKMU10uEDI?si=sE7jqrW46lfRHVLd&t=853"
"Step 6 : Learn LinkedList [Single LL, Double LL, Medium, Hard Problems]","Reverse a DLL","https://youtu.be/u3WUW2qe6ww?si=96Wwlju72IvmzkxE"
"Step 6 : Learn LinkedList [Single LL, Double LL, Medium, Hard Problems]","Middle of a LinkedList [TortoiseHare Method]","https://youtu.be/7LjQ57RqgEc?si=ir_rRDio38rhamU_"
"Step 6 : Learn LinkedList [Single LL, Double LL, Medium, Hard Problems]","Reverse a LinkedList [Iterative]","https://youtu.be/D2vI2DNJGd8?si=RCaLSx01qR21IBdh"
"Step 6 : Learn LinkedList [Single LL, Double LL, Medium, Hard Problems]","Reverse a LL [Recursive]","https://youtu.be/D2vI2DNJGd8?si=RCaLSx01qR21IBdh"
"Step 6 : Learn LinkedList [Single LL, Double LL, Medium, Hard Problems]","Detect a loop in LL","https://youtu.be/wiOo4DC5GGA?si=zagt6O6tFXc4_3cx"
"Step 6 : Learn LinkedList [Single LL, Double LL, Medium, Hard Problems]","Find the starting point in LL","https://youtu.be/2Kd0KKmmHFc?si=7UreDPRjRvapeVB0"
"Step 6 : Learn LinkedList [Single LL, Double LL, Medium, Hard Problems]","Length of Loop in LL","https://youtu.be/I4g1qbkTPus?si=ONktpqewvx57T8pF"
"Step 6 : Learn LinkedList [Single LL, Double LL, Medium, Hard Problems]","Check if LL is palindrome or not","https://youtu.be/lRY_G-u_8jk?si=BpM8hRYvXSYyjl-G"
"Step 6 : Learn LinkedList [Single LL, Double LL, Medium, Hard Problems]","Segrregate odd and even nodes in LL","https://youtu.be/qf6qp7GzD5Q?si=JozAyXUdT8EJMSCQ"
"Step 6 : Learn LinkedList [Single LL, Double LL, Medium, Hard Problems]","Remove Nth node from the back of the LL","https://youtu.be/3kMKYQ2wNIU?si=DtFDnPU7z9HMz_GM"
"Step 6 : Learn LinkedList [Single LL, Double LL, Medium, Hard Problems]","Delete the middle node of LL","https://youtu.be/ePpV-_pfOeI?si=Au9GsZkVO57j6SiN"
"Step 6 : Learn LinkedList [Single LL, Double LL, Medium, Hard Problems]","Sort LL","https://youtu.be/8ocB7a_c-Cc?si=Gv-Y8q8-WyARoV35"
"Step 6 : Learn LinkedList [Single LL, Double LL, Medium, Hard Problems]","Sort a LL of 0's 1's and 2's by changing links","https://youtu.be/gRII7LhdJWc?si=l3qRC7w3NhY7OAqw"
"Step 6 : Learn LinkedList [Single LL, Double LL, Medium, Hard Problems]","Find the intersection point of Y LL","https://youtu.be/0DYoPz2Tpt4?si=L-uJs5yXUxj4VJM2"
"Step 6 : Learn LinkedList [Single LL, Double LL, Medium, Hard Problems]","Add 1 to a number represented by LL","https://youtu.be/aXQWhbvT3w0?si=uRgU9S4r5cVmnUy7"
"Step 6 : Learn LinkedList [Single LL, Double LL, Medium, Hard Problems]","Add 2 numbers in LL","https://youtu.be/XmRrGzR6udg?si=VYuZYUcaVCrZCgpA"
"Step 6 : Learn LinkedList [Single LL, Double LL, Medium, Hard Problems]","Delete all occurrences of a key in DLL","https://youtu.be/Mh0NH_SD92k?si=tCYshBRi1upMqSVz"
"Step 6 : Learn LinkedList [Single LL, Double LL, Medium, Hard Problems]","Find pairs with given sum in DLL","https://youtu.be/YitR4dQsddE?si=iZAC259hdngV_OxC"
"Step 6 : Learn LinkedList [Single LL, Double LL, Medium, Hard Problems]","Remove duplicates from sorted DLL","https://youtu.be/YJKVTnOJXSY?si=AsZoNUoewetsBjr0"
"Step 6 : Learn LinkedList [Single LL, Double LL, Medium, Hard Problems]","Reverse LL in group of given size K","https://youtu.be/lIar1skcQYI?si=_jFghHKX4eaK36a1"
"Step 6 : Learn LinkedList [Single LL, Double LL, Medium, Hard Problems]","Rotate a LL","https://youtu.be/uT7YI7XbTY8?si=ZaChW3a68c_v54Is"
"Step 6 : Learn LinkedList [Single LL, Double LL, Medium, Hard Problems]","Flattening of LL","https://youtu.be/ykelywHJWLg?si=InMg9MmTHzY22NSR"
"Step 6 : Learn LinkedList [Single LL, Double LL, Medium, Hard Problems]","Clone a Linked List with random and next pointer","https://youtu.be/q570bKdrnlw?si=epZtpWvtNwuTf23o"
"Step 7 : Recursion [PatternWise]","Recursive Implementation of atoi()",""
"Step 7 : Recursion [PatternWise]","Pow(x, n)","https://youtu.be/l0YC3876qxg"
"Step 7 : Recursion [PatternWise]","Count Good numbers",""
"Step 7 : Recursion [PatternWise]","Sort a stack using recursion",""
"Step 7 : Recursion [PatternWise]","Reverse a stack using recursion",""
"Step 7 : Recursion [PatternWise]","Generate all binary strings",""
"Step 7 : Recursion [PatternWise]","Generate Paranthesis",""
"Step 7 : Recursion [PatternWise]","Print all subsequences/Power Set","https://youtu.be/b7AYbpM5YrE"
"Step 7 : Recursion [PatternWise]","Learn All Patterns of Subsequences (Theory)","https://www.youtube.com/watch?v=eQCS_v3bw0Q&list=PLgUwDviBIf0rGlzIn_7rsaR2FQ5e6ZOL9&index=7"
"Step 7 : Recursion [PatternWise]","Count all subsequences with sum K",""
"Step 7 : Recursion [PatternWise]","Check if there exists a subsequence with sum K",""
"Step 7 : Recursion [PatternWise]","Combination Sum","https://www.youtube.com/watch?v=OyZFFqQtu98&list=PLgUwDviBIf0p4ozDR_kJJkONnb1wdx2Ma&index=49"
"Step 7 : Recursion [PatternWise]","Combination Sum-II","https://www.youtube.com/watch?v=G1fRTGRxXU8&list=PLgUwDviBIf0p4ozDR_kJJkONnb1wdx2Ma&index=50"
"Step 7 : Recursion [PatternWise]","Subset Sum-I","https://www.youtube.com/watch?v=rYkfBRtMJr8&list=PLgUwDviBIf0p4ozDR_kJJkONnb1wdx2Ma&index=52"
"Step 7 : Recursion [PatternWise]","Subset Sum-II","https://www.youtube.com/watch?v=RIn3gOkbhQE&list=PLgUwDviBIf0p4ozDR_kJJkONnb1wdx2Ma&index=53"
"Step 7 : Recursion [PatternWise]","Combination Sum - III",""
"Step 7 : Recursion [PatternWise]","Letter Combinations of a Phone number",""
"Step 7 : Recursion [PatternWise]","Palindrome Partitioning","https://www.youtube.com/watch?v=WBgsABoClE0&list=PLgUwDviBIf0p4ozDR_kJJkONnb1wdx2Ma&index=51"
"Step 7 : Recursion [PatternWise]","Word Search",""
"Step 7 : Recursion [PatternWise]","N Queen","https://www.youtube.com/watch?v=i05Ju7AftcM&list=PLgUwDviBIf0p4ozDR_kJJkONnb1wdx2Ma&index=57"
"Step 7 : Recursion [PatternWise]","Rat in a Maze","https://www.youtube.com/watch?v=bLGZhJlt4y0&list=PLgUwDviBIf0p4ozDR_kJJkONnb1wdx2Ma&index=60"
"Step 7 : Recursion [PatternWise]","Word Break",""
"Step 7 : Recursion [PatternWise]","M Coloring Problem","https://www.youtube.com/watch?v=wuVwUK25Rfc&list=PLgUwDviBIf0p4ozDR_kJJkONnb1wdx2Ma&index=59"
"Step 7 : Recursion [PatternWise]","Sudoko Solver","https://www.youtube.com/watch?v=FWAIf_EVUKE&list=PLgUwDviBIf0p4ozDR_kJJkONnb1wdx2Ma&index=58"
"Step 7 : Recursion [PatternWise]","Expression Add Operators",""
"Step 8 : Bit Manipulation [Concepts & Problems]","Introduction to Bit Manipulation [Theory]","https://youtu.be/qQd-ViW7bfk?si=QtdNaRhHmZb08Mr8"
"Step 8 : Bit Manipulation [Concepts & Problems]","Check if the i-th bit is set or not","https://youtu.be/nttpF8kwgd4?si=x9o8PsYaA2XVZ9rV"
"Step 8 : Bit Manipulation [Concepts & Problems]","Check if a number is odd or not","https://youtu.be/nttpF8kwgd4?si=x9o8PsYaA2XVZ9rV"
"Step 8 : Bit Manipulation [Concepts & Problems]","Check if a number is power of 2 or not","https://youtu.be/nttpF8kwgd4?si=x9o8PsYaA2XVZ9rV"
"Step 8 : Bit Manipulation [Concepts & Problems]","Count the number of set bits","https://youtu.be/nttpF8kwgd4?si=x9o8PsYaA2XVZ9rV"
"Step 8 : Bit Manipulation [Concepts & Problems]","Set/Unset the rightmost unset bit","https://youtu.be/nttpF8kwgd4?si=x9o8PsYaA2XVZ9rV"
"Step 8 : Bit Manipulation [Concepts & Problems]","Swap two numbers","https://youtu.be/nttpF8kwgd4?si=x9o8PsYaA2XVZ9rV"
"Step 8 : Bit Manipulation [Concepts & Problems]","Divide two integers without using multiplication, division and mod operator","https://youtu.be/pBD4B1tzgVc?si=G9c5pEE-RrzeU6sz"
"Step 8 : Bit Manipulation [Concepts & Problems]","Count number of bits to be flipped to convert A to B","https://youtu.be/OOdrmcfZXd8?si=rnkRVz1UiVBKWC69"
"Step 8 : Bit Manipulation [Concepts & Problems]","Find the number that appears odd number of times","https://youtu.be/sFBCAl8yBfE?si=fETk-BA0cvmF02rR"
"Step 8 : Bit Manipulation [Concepts & Problems]","Power Set","https://youtu.be/LqKaUv1G3_I?si=UXU_T5OsHiokPRvP"
"Step 8 : Bit Manipulation [Concepts & Problems]","Find xor of numbers from L to R","https://youtu.be/WqGb7159h7Q?si=uGUEbNUUaIN_6Vvr"
"Step 8 : Bit Manipulation [Concepts & Problems]","Find the two numbers appearing odd number of times","https://youtu.be/UA5JnV1J2sI?si=VFBRJyb3boZvx_r1"
"Step 8 : Bit Manipulation [Concepts & Problems]","Print Prime Factors of a Number","https://youtu.be/LT7XhVdeRyg?si=6HkjQokJRPTFai21"
"Step 8 : Bit Manipulation [Concepts & Problems]","All Divisors of a Number","https://youtu.be/Ae_Ag_saG9s?si=QQoDTW5DxyZ3Lfjg"
"Step 8 : Bit Manipulation [Concepts & Problems]","Sieve of Eratosthenes","https://youtu.be/g5Fuxn_AvSk?si=fv6Q-Po7wrMW0a5n"
"Step 8 : Bit Manipulation [Concepts & Problems]","Find Prime Factorisation of a Number using Sieve","https://youtu.be/glKWkmKFlMw?si=3k5K5oq3FvKVrWLB"
"Step 8 : Bit Manipulation [Concepts & Problems]","Power(n, x)","https://youtu.be/hFWckDXE-K8?si=lBoOx3qYcmGo_j5b"
"Step 9 : Stack and Queues [Learning, Pre-In-Post-fix, Monotonic Stack, Implementation]","Implement Stack using Arrays","https://youtu.be/tqQ5fTamIN4?si=ofLt8Zt1ZvhikZ6w"
"Step 9 : Stack and Queues [Learning, Pre-In-Post-fix, Monotonic Stack, Implementation]","Implement Queue using Arrays","https://youtu.be/tqQ5fTamIN4?si=ofLt8Zt1ZvhikZ6w"
"Step 9 : Stack and Queues [Learning, Pre-In-Post-fix, Monotonic Stack, Implementation]","Implement Stack using Queue","https://youtu.be/tqQ5fTamIN4?si=ofLt8Zt1ZvhikZ6w"
"Step 9 : Stack and Queues [Learning, Pre-In-Post-fix, Monotonic Stack, Implementation]","Implement Queue using Stack","https://youtu.be/tqQ5fTamIN4?si=ofLt8Zt1ZvhikZ6w"
"Step 9 : Stack and Queues [Learning, Pre-In-Post-fix, Monotonic Stack, Implementation]","Implement stack using Linkedlist","https://youtu.be/tqQ5fTamIN4?si=ofLt8Zt1ZvhikZ6w"
"Step 9 : Stack and Queues [Learning, Pre-In-Post-fix, Monotonic Stack, Implementation]","Implement queue using Linkedlist","https://youtu.be/tqQ5fTamIN4?si=ofLt8Zt1ZvhikZ6w"
"Step 9 : Stack and Queues [Learning, Pre-In-Post-fix, Monotonic Stack, Implementation]","Check for balanced paranthesis","https://youtu.be/xwjS0iZhw4I?si=UoyKpFn4Q3nf5h2R"
"Step 9 : Stack and Queues [Learning, Pre-In-Post-fix, Monotonic Stack, Implementation]","Implement Min Stack","https://youtu.be/NdDIaH91P0g?si=4_Jbsq5trFvfSdUY"
"Step 9 : Stack and Queues [Learning, Pre-In-Post-fix, Monotonic Stack, Implementation]","Infix to Postfix Conversion using Stack","https://youtu.be/4pIc9UBHJtk?si=ryeVvQWpCgwbTQrh"
"Step 9 : Stack and Queues [Learning, Pre-In-Post-fix, Monotonic Stack, Implementation]","Prefix to Infix Conversion","https://youtu.be/4pIc9UBHJtk?si=ryeVvQWpCgwbTQrh"
"Step 9 : Stack and Queues [Learning, Pre-In-Post-fix, Monotonic Stack, Implementation]","Prefix to Postfix Conversion","https://youtu.be/4pIc9UBHJtk?si=0pWtyDC1GhbiYP3P"
"Step 9 : Stack and Queues [Learning, Pre-In-Post-fix, Monotonic Stack, Implementation]","Postfix to Prefix Conversion","https://youtu.be/4pIc9UBHJtk?si=0pWtyDC1GhbiYP3P"
"Step 9 : Stack and Queues [Learning, Pre-In-Post-fix, Monotonic Stack, Implementation]","Postfix to Infix","https://youtu.be/4pIc9UBHJtk?si=0pWtyDC1GhbiYP3P"
"Step 9 : Stack and Queues [Learning, Pre-In-Post-fix, Monotonic Stack, Implementation]","Convert Infix To Prefix Notation","https://youtu.be/4pIc9UBHJtk?si=0pWtyDC1GhbiYP3P"
"Step 9 : Stack and Queues [Learning, Pre-In-Post-fix, Monotonic Stack, Implementation]","Next Greater Element","https://youtu.be/e7XQLtOQM3I?si=QdcHpTtx6gAHsext"
"Step 9 : Stack and Queues [Learning, Pre-In-Post-fix, Monotonic Stack, Implementation]","Next Greater Element 2","https://youtu.be/7PrncD7v9YQ?si=UkBc7eVy9HGlBpeW"
"Step 9 : Stack and Queues [Learning, Pre-In-Post-fix, Monotonic Stack, Implementation]","Next Smaller Element",""
"Step 9 : Stack and Queues [Learning, Pre-In-Post-fix, Monotonic Stack, Implementation]","Number of NGEs to the right",""
"Step 9 : Stack and Queues [Learning, Pre-In-Post-fix, Monotonic Stack, Implementation]","Trapping Rainwater","https://youtu.be/1_5VuquLbXg?si=NFG6df318_6OtGvg"
"Step 9 : Stack and Queues [Learning, Pre-In-Post-fix, Monotonic Stack, Implementation]","Sum of subarray minimum","https://youtu.be/v0e8p9JCgRc?si=XAU7ekECgS5nboRw"
"Step 9 : Stack and Queues [Learning, Pre-In-Post-fix, Monotonic Stack, Implementation]","Asteroid Collision","https://youtu.be/_eYGqw_VDR4?si=YyxibcHq800RqgIQ"
"Step 9 : Stack and Queues [Learning, Pre-In-Post-fix, Monotonic Stack, Implementation]","Sum of subarray ranges","https://youtu.be/gIrMptNPf5M?si=Q_GHuBvzZVs27X_U"
"Step 9 : Stack and Queues [Learning, Pre-In-Post-fix, Monotonic Stack, Implementation]","Remove k Digits","https://youtu.be/jmbuRzYPGrg?si=WN387gwQ7aXWkUao"
"Step 9 : Stack and Queues [Learning, Pre-In-Post-fix, Monotonic Stack, Implementation]","Largest rectangle in a histogram","https://youtu.be/Bzat9vgD0fs?si=DiBlLejXcr6EJoyB"
"Step 9 : Stack and Queues [Learning, Pre-In-Post-fix, Monotonic Stack, Implementation]","Maximal Rectangles","https://youtu.be/ttVu6G7Ayik?si=RhyeKepNwjRUYp7A"
"Step 9 : Stack and Queues [Learning, Pre-In-Post-fix, Monotonic Stack, Implementation]","Sliding Window maximum","https://youtu.be/NwBvene4Imo?si=eU1PY-bcQfk5wdog"
"Step 9 : Stack and Queues [Learning, Pre-In-Post-fix, Monotonic Stack, Implementation]","Stock span problem","https://youtu.be/eay-zoSRkVc?si=deNNe5i38BOAntha"
"Step 9 : Stack and Queues [Learning, Pre-In-Post-fix, Monotonic Stack, Implementation]","The Celebrity Problem","https://youtu.be/cEadsbTeze4?si=olXYfOs7l-SEn2zl"
"Step 9 : Stack and Queues [Learning, Pre-In-Post-fix, Monotonic Stack, Implementation]","LRU cache (IMPORTANT)","https://youtu.be/z9bJUPxzFOw?si=IUo_d35rXBD0CBAF"
"Step 9 : Stack and Queues [Learning, Pre-In-Post-fix, Monotonic Stack, Implementation]","LFU cache","https://www.youtube.com/watch?v=0PSB9y8ehbk&list=PLgUwDviBIf0p4ozDR_kJJkONnb1wdx2Ma&index=79"
"Step 10 : Sliding Window & Two Pointer Combined Problems","Longest Substring Without Repeating Characters","https://youtu.be/-zSxTJkcdAo?si=I2zfR-vlDMg0zU9z"
"Step 10 : Sliding Window & Two Pointer Combined Problems","Max Consecutive Ones III","https://youtu.be/3E4JBHSLpYk?si=SoOW64pP6otEKxBw"
"Step 10 : Sliding Window & Two Pointer Combined Problems","Fruit Into Baskets","https://youtu.be/e3bs0uA1NhQ?si=gR8pO62u-nJeFAXk"
"Step 10 : Sliding Window & Two Pointer Combined Problems","longest repeating character replacement","https://youtu.be/_eNhaDCr6P0?si=pBWcEjozF5poom0p"
"Step 10 : Sliding Window & Two Pointer Combined Problems","Binary subarray with sum","https://youtu.be/XnMdNUkX6VM?si=Nyt8EveeLUg8lmty"
"Step 10 : Sliding Window & Two Pointer Combined Problems","Count number of nice subarrays","https://youtu.be/j_QOv9OT9Og?si=Oq5-5hyFkzVSOZpP"
"Step 10 : Sliding Window & Two Pointer Combined Problems","Number of substring containing all three characters","https://youtu.be/xtqN4qlgr8s?si=kuaLHVOLXhh5Z2tW"
"Step 10 : Sliding Window & Two Pointer Combined Problems","Maximum point you can obtain from cards","https://youtu.be/pBWCOCS636U?si=-X64rY67noxvOwrG"
"Step 10 : Sliding Window & Two Pointer Combined Problems","Longest Substring with At Most K Distinct Characters","https://youtu.be/teM9ZsVRQyc?si=Kh0_u6aCkkBU3Q33"
"Step 10 : Sliding Window & Two Pointer Combined Problems","Subarray with k different integers","https://youtu.be/7wYGbV_LsX4?si=KWa48RgLDCvdNqRb"
"Step 10 : Sliding Window & Two Pointer Combined Problems","Minimum Window Substring","https://youtu.be/WJaij9ffOIY?si=-xnsWIH84zWU0ICd"
"Step 10 : Sliding Window & Two Pointer Combined Problems","Minimum Window Subsequence",""
"Step 11 : Heaps [Learning, Medium, Hard Problems]","Introduction to Priority Queues using Binary Heaps",""
"Step 11 : Heaps [Learning, Medium, Hard Problems]","Min Heap and Max Heap Implementation",""
"Step 11 : Heaps [Learning, Medium, Hard Problems]","Check if an array represents a min-heap or not",""
"Step 11 : Heaps [Learning, Medium, Hard Problems]","Convert min Heap to max Heap",""
"Step 11 : Heaps [Learning, Medium, Hard Problems]","Kth largest element in an array [use priority queue]",""
"Step 11 : Heaps [Learning, Medium, Hard Problems]","Kth smallest element in an array [use priority queue]",""
"Step 11 : Heaps [Learning, Medium, Hard Problems]","Sort K sorted array",""
"Step 11 : Heaps [Learning, Medium, Hard Problems]","Merge M sorted Lists",""
"Step 11 : Heaps [Learning, Medium, Hard Problems]","Replace each array element by its corresponding rank",""
"Step 11 : Heaps [Learning, Medium, Hard Problems]","Task Scheduler",""
"Step 11 : Heaps [Learning, Medium, Hard Problems]","Hands of Straights",""
"Step 11 : Heaps [Learning, Medium, Hard Problems]","Design twitter",""
"Step 11 : Heaps [Learning, Medium, Hard Problems]","Connect `n` ropes with minimal cost",""
"Step 11 : Heaps [Learning, Medium, Hard Problems]","Kth largest element in a stream of running integers",""
"Step 11 : Heaps [Learning, Medium, Hard Problems]","Maximum Sum Combination",""
"Step 11 : Heaps [Learning, Medium, Hard Problems]","Find Median from Data Stream",""
"Step 11 : Heaps [Learning, Medium, Hard Problems]","K most frequent elements",""
"Step 12 : Greedy Algorithms [Easy, Medium/Hard]","Assign Cookies","https://youtu.be/DIX2p7vb9co?si=GofAIDimue-Av0Fi"
"Step 12 : Greedy Algorithms [Easy, Medium/Hard]","Fractional Knapsack Problem","https://youtu.be/1ibsQrnuEEg?si=8R2By3wpHo0zZVHE"
"Step 12 : Greedy Algorithms [Easy, Medium/Hard]","Greedy algorithm to find minimum number of coins","https://www.youtube.com/watch?v=mVg9CfJvayM&list=PLgUwDviBIf0p4ozDR_kJJkONnb1wdx2Ma&index=48"
"Step 12 : Greedy Algorithms [Easy, Medium/Hard]","Lemonade Change","https://youtu.be/n_tmibEhO6Q?si=q1NW8MfPy0QU6fIl"
"Step 12 : Greedy Algorithms [Easy, Medium/Hard]","Valid Paranthesis Checker","https://youtu.be/cHT6sG_hUZI?si=XRHeyh7jOaLaTy3g"
"Step 12 : Greedy Algorithms [Easy, Medium/Hard]","N meetings in one room","https://youtu.be/mKfhTotEguk?si=2RELeq18mpmIIN3Q"
"Step 12 : Greedy Algorithms [Easy, Medium/Hard]","Jump Game","https://youtu.be/tZAa_jJ3SwQ?si=voKd7n9VTLDRRNzJ"
"Step 12 : Greedy Algorithms [Easy, Medium/Hard]","Jump Game 2","https://youtu.be/7SBVnw7GSTk?si=9uUouBELh9K3m2jZ"
"Step 12 : Greedy Algorithms [Easy, Medium/Hard]","Minimum number of platforms required for a railway","https://youtu.be/AsGzwR_FWok?si=165acXU_dtqOHuo9"
"Step 12 : Greedy Algorithms [Easy, Medium/Hard]","Job sequencing Problem","https://youtu.be/QbwltemZbRg?si=wvcemJ5BLPlTRmkG"
"Step 12 : Greedy Algorithms [Easy, Medium/Hard]","Candy","https://youtu.be/IIqVFvKE6RY?si=EjmuXZJNLQLUkEd7"
"Step 12 : Greedy Algorithms [Easy, Medium/Hard]","Program for Shortest Job First (or SJF) CPU Scheduling","https://youtu.be/3-QbX1iDbXs?si=IH8QZUblr01F7UoQ"
"Step 12 : Greedy Algorithms [Easy, Medium/Hard]","Program for Least Recently Used (LRU) Page Replacement Algorithm",""
"Step 12 : Greedy Algorithms [Easy, Medium/Hard]","Insert Interval","https://youtu.be/xxRE-46OCC8?si=a7aPuIw16zDx2lAa"
"Step 12 : Greedy Algorithms [Easy, Medium/Hard]","Merge Intervals","https://www.youtube.com/watch?v=2JzRBPFYbKE&list=PLgUwDviBIf0rPG3Ictpu74YWBQ1CaBkm2&index=6"
"Step 12 : Greedy Algorithms [Easy, Medium/Hard]","Non-overlapping Intervals","https://youtu.be/HDHQ8lAWakY?si=JVtLqboGdpUTOVjf"
"Step 13 : Binary Trees [Traversals, Medium and Hard Problems]","Introduction to Trees","https://youtu.be/_ANrF3FJm7I"
"Step 13 : Binary Trees [Traversals, Medium and Hard Problems]","Binary Tree Representation in C++","https://youtu.be/ctCpP0RFDFc"
"Step 13 : Binary Trees [Traversals, Medium and Hard Problems]","Binary Tree Representation in Java","https://youtu.be/hyLyW7rP24I"
"Step 13 : Binary Trees [Traversals, Medium and Hard Problems]","Binary Tree Traversals in Binary Tree","https://youtu.be/jmy0LaGET1I"
"Step 13 : Binary Trees [Traversals, Medium and Hard Problems]","Preorder Traversal of Binary Tree","https://youtu.be/RlUu72JrOCQ"
"Step 13 : Binary Trees [Traversals, Medium and Hard Problems]","Inorder Traversal of Binary Tree","https://youtu.be/Z_NEgBgbRVI"
"Step 13 : Binary Trees [Traversals, Medium and Hard Problems]","Post-order Traversal of Binary Tree","https://youtu.be/COQOU6klsBg"
"Step 13 : Binary Trees [Traversals, Medium and Hard Problems]","Level order Traversal / Level order traversal in spiral form","https://youtu.be/EoAsWbO7sqg"
"Step 13 : Binary Trees [Traversals, Medium and Hard Problems]","Iterative Preorder Traversal of Binary Tree","https://youtu.be/Bfqd8BsPVuw"
"Step 13 : Binary Trees [Traversals, Medium and Hard Problems]","Iterative Inorder Traversal of Binary Tree","https://youtu.be/lxTGsVXjwvM"
"Step 13 : Binary Trees [Traversals, Medium and Hard Problems]","Post-order Traversal of Binary Tree using 2 stack","https://youtu.be/2YBhNLodD8Q"
"Step 13 : Binary Trees [Traversals, Medium and Hard Problems]","Post-order Traversal of Binary Tree using 1 stack","https://youtu.be/NzIGLLwZBS8"
"Step 13 : Binary Trees [Traversals, Medium and Hard Problems]","Preorder, Inorder, and Postorder Traversal in one Traversal","https://youtu.be/ySp2epYvgTE"
"Step 13 : Binary Trees [Traversals, Medium and Hard Problems]","Height of a Binary Tree","https://youtu.be/eD3tmO66aBA"
"Step 13 : Binary Trees [Traversals, Medium and Hard Problems]","Check if the Binary tree is height-balanced or not","https://youtu.be/Yt50Jfbd8Po"
"Step 13 : Binary Trees [Traversals, Medium and Hard Problems]","Diameter of Binary Tree","https://youtu.be/Rezetez59Nk"
"Step 13 : Binary Trees [Traversals, Medium and Hard Problems]","Maximum path sum","https://youtu.be/WszrfSwMz58"
"Step 13 : Binary Trees [Traversals, Medium and Hard Problems]","Check if two trees are identical or not","https://youtu.be/BhuvF_-PWS0"
"Step 13 : Binary Trees [Traversals, Medium and Hard Problems]","Zig Zag Traversal of Binary Tree","https://youtu.be/3OXWEdlIGl4"
"Step 13 : Binary Trees [Traversals, Medium and Hard Problems]","Boundary Traversal of Binary Tree","https://youtu.be/0ca1nvR0be4"
"Step 13 : Binary Trees [Traversals, Medium and Hard Problems]","Vertical Order Traversal of Binary Tree","https://youtu.be/q_a6lpbKJdw"
"Step 13 : Binary Trees [Traversals, Medium and Hard Problems]","Top View of Binary Tree","https://youtu.be/Et9OCDNvJ78"
"Step 13 : Binary Trees [Traversals, Medium and Hard Problems]","Bottom View of Binary Tree","https://youtu.be/0FtVY6I4pB8"
"Step 13 : Binary Trees [Traversals, Medium and Hard Problems]","Right/Left View of Binary Tree","https://youtu.be/KV4mRzTjlAk"
"Step 13 : Binary Trees [Traversals, Medium and Hard Problems]","Symmetric Binary Tree","https://youtu.be/nKggiEpBE"
"Step 13 : Binary Trees [Traversals, Medium and Hard Problems]","Root to Node Path in Binary Tree","https://youtu.be/fmflMqVOC7k"
"Step 13 : Binary Trees [Traversals, Medium and Hard Problems]","LCA in Binary Tree","https://youtu.be/_-QHfMDde90"
"Step 13 : Binary Trees [Traversals, Medium and Hard Problems]","Maximum width of a Binary Tree","https://youtu.be/ZbybYvcVLks"
"Step 13 : Binary Trees [Traversals, Medium and Hard Problems]","Check for Children Sum Property","https://youtu.be/fnmisPM6cVo"
"Step 13 : Binary Trees [Traversals, Medium and Hard Problems]","Print all the Nodes at a distance of K in a Binary Tree","https://youtu.be/i9ORlEy6EsI"
"Step 13 : Binary Trees [Traversals, Medium and Hard Problems]","Minimum time taken to BURN the Binary Tree from a Node","https://youtu.be/2r5wLmQfD6g"
"Step 13 : Binary Trees [Traversals, Medium and Hard Problems]","Count total Nodes in a COMPLETE Binary Tree","https://youtu.be/u-yWemKGWO0"
"Step 13 : Binary Trees [Traversals, Medium and Hard Problems]","Requirements needed to construct a Unique Binary Tree | Theory","https://youtu.be/9GMECGQgWrQ"
"Step 13 : Binary Trees [Traversals, Medium and Hard Problems]","Construct Binary Tree from inorder and preorder","https://youtu.be/aZNaLrVebKQ"
"Step 13 : Binary Trees [Traversals, Medium and Hard Problems]","Construct the Binary Tree from Postorder and Inorder Traversal","https://youtu.be/LgLRTaEMRVc"
"Step 13 : Binary Trees [Traversals, Medium and Hard Problems]","Serialize and deserialize Binary Tree","https://youtu.be/-YbXySKJsX8"
"Step 13 : Binary Trees [Traversals, Medium and Hard Problems]","Morris Preorder Traversal of a Binary Tree","https://youtu.be/80Zug6D1_r4"
"Step 13 : Binary Trees [Traversals, Medium and Hard Problems]","Morris Inorder Traversal of a Binary Tree","https://youtu.be/80Zug6D1_r4"
"Step 13 : Binary Trees [Traversals, Medium and Hard Problems]","Flatten Binary Tree to LinkedList","https://youtu.be/sWf7k1x9XR4"
"Step 14 : Binary Search Trees [Concept and Problems]","Introduction to Binary Search Tree","https://youtu.be/p7-9UvDQZ3w"
"Step 14 : Binary Search Trees [Concept and Problems]","Search in a Binary Search Tree","https://youtu.be/KcNt6v_56cc"
"Step 14 : Binary Search Trees [Concept and Problems]","Find Min/Max in BST",""
"Step 14 : Binary Search Trees [Concept and Problems]","Ceil in a Binary Search Tree","https://youtu.be/KSsk8AhdOZA"
"Step 14 : Binary Search Trees [Concept and Problems]","Floor in a Binary Search Tree","https://youtu.be/xm_W1ub-K-w"
"Step 14 : Binary Search Trees [Concept and Problems]","Insert a given Node in Binary Search Tree","https://youtu.be/FiFiNvM29ps"
"Step 14 : Binary Search Trees [Concept and Problems]","Delete a Node in Binary Search Tree","https://youtu.be/kouxiP_H5WE"
"Step 14 : Binary Search Trees [Concept and Problems]","Find K-th smallest/largest element in BST","https://youtu.be/9TJYWh0adfk"
"Step 14 : Binary Search Trees [Concept and Problems]","Check if a tree is a BST or BT","https://youtu.be/f-sj7I5oXEI"
"Step 14 : Binary Search Trees [Concept and Problems]","LCA in Binary Search Tree","https://youtu.be/cX_kPV_foZc"
"Step 14 : Binary Search Trees [Concept and Problems]","Construct a BST from a preorder traversal","https://youtu.be/UmJT3j26t1I"
"Step 14 : Binary Search Trees [Concept and Problems]","Inorder Successor/Predecessor in BST","https://youtu.be/SXKAD2svfmI"
"Step 14 : Binary Search Trees [Concept and Problems]","Merge 2 BST's","https://youtu.be/D2jMcmxU4bs"
"Step 14 : Binary Search Trees [Concept and Problems]","Two Sum In BST | Check if there exists a pair with Sum K","https://youtu.be/ssL3sHwPeb4"
"Step 14 : Binary Search Trees [Concept and Problems]","Recover BST | Correct BST with two nodes swapped","https://youtu.be/ZWGW7FminDM"
"Step 14 : Binary Search Trees [Concept and Problems]","Largest BST in Binary Tree","https://youtu.be/X0oXMdtUDwo"
"Step 15 : Graphs [Concepts & Problems]","Graph and Types","https://youtu.be/M3_pLsDdeuU"
"Step 15 : Graphs [Concepts & Problems]","Graph Representation | C++","https://youtu.be/3oI-34aPMWM"
"Step 15 : Graphs [Concepts & Problems]","Graph Representation | Java","https://youtu.be/3oI-34aPMWM"
"Step 15 : Graphs [Concepts & Problems]","Connected Components | Logic Explanation","https://youtu.be/lea-Wl_uWXY"
"Step 15 : Graphs [Concepts & Problems]","BFS","https://youtu.be/-tgVpUgsQ5k"
"Step 15 : Graphs [Concepts & Problems]","DFS","https://youtu.be/Qzf1a--rhp8"
"Step 15 : Graphs [Concepts & Problems]","Number of provinces (leetcode)","https://youtu.be/ACzkVtewUYA"
"Step 15 : Graphs [Concepts & Problems]","Connected Components Problem in Matrix",""
"Step 15 : Graphs [Concepts & Problems]","Rotten Oranges","https://www.youtube.com/watch?v=yf3oUhkvqA0"
"Step 15 : Graphs [Concepts & Problems]","Flood fill","https://youtu.be/C-2_uSRli8o"
"Step 15 : Graphs [Concepts & Problems]","Cycle Detection in unirected Graph (bfs)","https://youtu.be/BPlrALf1LDU"
"Step 15 : Graphs [Concepts & Problems]","Cycle Detection in undirected Graph (dfs)","https://youtu.be/zQ3zgFypzX4"
"Step 15 : Graphs [Concepts & Problems]","0/1 Matrix (Bfs Problem)","https://youtu.be/edXdVwkYHF8"
"Step 15 : Graphs [Concepts & Problems]","Surrounded Regions (dfs)","https://youtu.be/BtdgAys4yMk"
"Step 15 : Graphs [Concepts & Problems]","Number of Enclaves [flood fill implementation - multisource]","https://youtu.be/rxKcepXQgU4"
"Step 15 : Graphs [Concepts & Problems]","Word ladder - 1","https://youtu.be/tRPda0rcf8E"
"Step 15 : Graphs [Concepts & Problems]","Word ladder - 2","https://youtu.be/tRPda0rcf8E"
"Step 15 : Graphs [Concepts & Problems]","Number of Distinct Islands [dfs multisource]","https://youtu.be/muncqlKJrH0"
"Step 15 : Graphs [Concepts & Problems]","Bipartite Graph (DFS)","https://youtu.be/KG5YFfR0j8A"
"Step 15 : Graphs [Concepts & Problems]","Cycle Detection in Directed Graph (DFS)","https://youtu.be/9twcmtQj4DU"
"Step 15 : Graphs [Concepts & Problems]","Topo Sort","https://youtu.be/5lZ0iJMrUMk"
"Step 15 : Graphs [Concepts & Problems]","Kahn's Algorithm","https://youtu.be/73sneFXuTEg"
"Step 15 : Graphs [Concepts & Problems]","Cycle Detection in Directed Graph (BFS)","https://youtu.be/iTBaI90lpDQ"
"Step 15 : Graphs [Concepts & Problems]","Course Schedule - I","https://youtu.be/WAOfKpxYHR8"
"Step 15 : Graphs [Concepts & Problems]","Course Schedule - II","https://youtu.be/WAOfKpxYHR8"
"Step 15 : Graphs [Concepts & Problems]","Find eventual safe states","https://youtu.be/2gtg3VsDGyc"
"Step 15 : Graphs [Concepts & Problems]","Alien dictionary","https://youtu.be/U3N_je7tWAs"
"Step 15 : Graphs [Concepts & Problems]","Shortest Path in UG with unit weights","https://www.youtube.com/watch?v=C4gxoTaI71U&list=PLgUwDviBIf0oE3gA41TKO2H5bHpPd7fzn&index=28"
"Step 15 : Graphs [Concepts & Problems]","Shortest Path in DAG","https://www.youtube.com/watch?v=ZUFQfFaU-8U&list=PLgUwDviBIf0oE3gA41TKO2H5bHpPd7fzn&index=27"
"Step 15 : Graphs [Concepts & Problems]","Djisktra's Algorithm","https://www.youtube.com/watch?v=rp1SMw7HSO8&list=PLgUwDviBIf0oE3gA41TKO2H5bHpPd7fzn&index=35"
"Step 15 : Graphs [Concepts & Problems]","Why priority Queue is used in Djisktra's Algorithm","https://www.youtube.com/watch?v=rp1SMw7HSO8&list=PLgUwDviBIf0oE3gA41TKO2H5bHpPd7fzn&index=35"
"Step 15 : Graphs [Concepts & Problems]","Shortest path in a binary maze","https://www.youtube.com/watch?v=U5Mw4eyUmw4&list=PLgUwDviBIf0oE3gA41TKO2H5bHpPd7fzn&index=36"
"Step 15 : Graphs [Concepts & Problems]","Path with minimum effort","https://youtu.be/0ytpZyiZFhA"
"Step 15 : Graphs [Concepts & Problems]","Cheapest flights within k stops","https://youtu.be/9XybHVqTHcQ"
"Step 15 : Graphs [Concepts & Problems]","Network Delay time",""
"Step 15 : Graphs [Concepts & Problems]","Number of ways to arrive at destination","https://youtu.be/_-0mx0SmYxA"
"Step 15 : Graphs [Concepts & Problems]","Minimum steps to reach end from start by performing multiplication and mod operations with array elements","https://www.youtube.com/watch?v=_BvEJ3VIDWw&list=PLgUwDviBIf0oE3gA41TKO2H5bHpPd7fzn&index=39"
"Step 15 : Graphs [Concepts & Problems]","Bellman Ford Algorithm","https://youtu.be/0vVofAhAYjc"
"Step 15 : Graphs [Concepts & Problems]","Floyd Warshal Algorithm","https://youtu.be/YbY8cVwWAvw"
"Step 15 : Graphs [Concepts & Problems]","Find the city with the smallest number of neighbors in a threshold distance","https://youtu.be/9XybHVqTHcQ"
"Step 15 : Graphs [Concepts & Problems]","Minimum Spanning Tree","https://youtu.be/ZSPjZuZWCME"
"Step 15 : Graphs [Concepts & Problems]","Prim's Algorithm","https://youtu.be/mJcZjjKzeqk"
"Step 15 : Graphs [Concepts & Problems]","Disjoint Set [Union by Rank]","https://youtu.be/aBxjDBC4M1U"
"Step 15 : Graphs [Concepts & Problems]","Disjoint Set [Union by Size]","https://youtu.be/aBxjDBC4M1U"
"Step 15 : Graphs [Concepts & Problems]","Kruskal's Algorithm","https://youtu.be/DMnDM_sxVig"
"Step 15 : Graphs [Concepts & Problems]","Number of operations to make network connected","https://youtu.be/FYrl7iz9_ZU"
"Step 15 : Graphs [Concepts & Problems]","Most stones removed with same rows or columns","https://youtu.be/OwMNX8SPavM"
"Step 15 : Graphs [Concepts & Problems]","Accounts merge","https://youtu.be/FMwpt_aQOGw"
"Step 15 : Graphs [Concepts & Problems]","Number of island II","https://youtu.be/Rn6B-Q4SNyA"
"Step 15 : Graphs [Concepts & Problems]","Making a Large Island","https://youtu.be/lgiz0Oup6gM"
"Step 15 : Graphs [Concepts & Problems]","Swim in rising water",""
"Step 15 : Graphs [Concepts & Problems]","Bridges in Graph","https://youtu.be/qrAub5z8FeA"
"Step 15 : Graphs [Concepts & Problems]","Articulation Point","https://youtu.be/j1QDfU21iZk"
"Step 15 : Graphs [Concepts & Problems]","Kosaraju's Algorithm","https://youtu.be/R6uoSjZ2imo"
"Step 16 : Dynamic Programming [Patterns and Problems]","Dynamic Programming Introduction","https://youtu.be/tyB0ztf0DNY"
"Step 16 : Dynamic Programming [Patterns and Problems]","Climbing Stars","https://youtu.be/mLfjzJsN8us"
"Step 16 : Dynamic Programming [Patterns and Problems]","Frog Jump(DP-3)","https://www.youtube.com/watch?v=EgG3jsGoPvQ"
"Step 16 : Dynamic Programming [Patterns and Problems]","Frog Jump with k distances(DP-4)","https://www.youtube.com/watch?v=Kmh3rhyEtB8"
"Step 16 : Dynamic Programming [Patterns and Problems]","Maximum sum of non-adjacent elements (DP 5)","https://www.youtube.com/watch?v=GrMBfJNk_NY"
"Step 16 : Dynamic Programming [Patterns and Problems]","House Robber (DP 6)","https://www.youtube.com/watch?v=3WaxQMELSkw"
"Step 16 : Dynamic Programming [Patterns and Problems]","Ninja's Training (DP 7)","https://www.youtube.com/watch?v=AE39gJYuRog"
"Step 16 : Dynamic Programming [Patterns and Problems]","Grid Unique Paths : DP on Grids (DP8)","https://www.youtube.com/watch?v=sdE0A2Oxofw"
"Step 16 : Dynamic Programming [Patterns and Problems]","Grid Unique Paths 2 (DP 9)","https://www.youtube.com/watch?v=TmhpgXScLyY"
"Step 16 : Dynamic Programming [Patterns and Problems]","Minimum path sum in Grid (DP 10)","https://www.youtube.com/watch?v=_rgTlyky1uQ"
"Step 16 : Dynamic Programming [Patterns and Problems]","Minimum path sum in Triangular Grid (DP 11)","https://www.youtube.com/watch?v=SrP-PiLSYC0"
"Step 16 : Dynamic Programming [Patterns and Problems]","Minimum/Maximum Falling Path Sum (DP-12)","https://www.youtube.com/watch?v=N_aJ5qQbYA0"
"Step 16 : Dynamic Programming [Patterns and Problems]","3-d DP : Ninja and his friends (DP-13)","https://www.youtube.com/watch?v=QGfn7JeXK54"
"Step 16 : Dynamic Programming [Patterns and Problems]","Subset sum equal to target (DP- 14)","https://www.youtube.com/watch?v=fWX9xDmIzRI"
"Step 16 : Dynamic Programming [Patterns and Problems]","Partition Equal Subset Sum (DP- 15)","https://www.youtube.com/watch?v=7win3dcgo3k"
"Step 16 : Dynamic Programming [Patterns and Problems]","Partition Set Into 2 Subsets With Min Absolute Sum Diff (DP- 16)","https://www.youtube.com/watch?v=GS_OqZb2CWc"
"Step 16 : Dynamic Programming [Patterns and Problems]","Count Subsets with Sum K (DP - 17)","https://www.youtube.com/watch?v=ZHyb-A2Mte4"
"Step 16 : Dynamic Programming [Patterns and Problems]","Count Partitions with Given Difference (DP - 18)","https://www.youtube.com/watch?v=zoilQD1kYSg"
"Step 16 : Dynamic Programming [Patterns and Problems]","Assign Cookies","https://youtu.be/DIX2p7vb9co?si=6G7JzMZ2TSP_LWSG"
"Step 16 : Dynamic Programming [Patterns and Problems]","Minimum Coins (DP - 20)","https://www.youtube.com/watch?v=myPeWb3Y68A"
"Step 16 : Dynamic Programming [Patterns and Problems]","Target Sum (DP - 21)","https://www.youtube.com/watch?v=b3GD8263-PQ"
"Step 16 : Dynamic Programming [Patterns and Problems]","Coin Change 2 (DP - 22)","https://www.youtube.com/watch?v=HgyouUi11zk"
"Step 16 : Dynamic Programming [Patterns and Problems]","Unbounded Knapsack (DP - 23)","https://youtu.be/OgvOZ6OrJoY"
"Step 16 : Dynamic Programming [Patterns and Problems]","Rod Cutting Problem | (DP - 24)","https://youtu.be/mO8XpGoJwuo"
"Step 16 : Dynamic Programming [Patterns and Problems]","Longest Common Subsequence | (DP - 25)","https://youtu.be/NPZn9jBrX8U"
"Step 16 : Dynamic Programming [Patterns and Problems]","Print Longest Common Subsequence | (DP - 26)","https://youtu.be/-zI4mrF2Pb4"
"Step 16 : Dynamic Programming [Patterns and Problems]","Longest Common Substring | (DP - 27)","https://youtu.be/_wP9mWNPL5w"
"Step 16 : Dynamic Programming [Patterns and Problems]","Longest Palindromic Subsequence | (DP-28)","https://youtu.be/6i_T5kkfv4A"
"Step 16 : Dynamic Programming [Patterns and Problems]","Minimum insertions to make string palindrome | DP-29","https://www.youtube.com/watch?v=xPBLEj41rFU"
"Step 16 : Dynamic Programming [Patterns and Problems]","Minimum Insertions/Deletions to Convert String | (DP- 30)","https://www.youtube.com/watch?v=yMnH0jrir0Q"
"Step 16 : Dynamic Programming [Patterns and Problems]","Shortest Common Supersequence | (DP - 31)","https://youtu.be/xElxAuBcvsU"
"Step 16 : Dynamic Programming [Patterns and Problems]","Distinct Subsequences| (DP-32)","https://youtu.be/nVG7eTiD2bY"
"Step 16 : Dynamic Programming [Patterns and Problems]","Edit Distance | (DP-33)","https://youtu.be/fJaKO8FbDdo"
"Step 16 : Dynamic Programming [Patterns and Problems]","Wildcard Matching | (DP-34)","https://youtu.be/ZmlQ3vgAOMo"
"Step 16 : Dynamic Programming [Patterns and Problems]","Best Time to Buy and Sell Stock |(DP-35)","https://youtu.be/excAOvwF_Wk"
"Step 16 : Dynamic Programming [Patterns and Problems]","Buy and Sell Stock - II|(DP-36)","https://youtu.be/nGJmxkUJQGs"
"Step 16 : Dynamic Programming [Patterns and Problems]","Buy and Sell Stocks III|(DP-37)","https://youtu.be/-uQGzhYj8BQ"
"Step 16 : Dynamic Programming [Patterns and Problems]","Buy and Stock Sell IV |(DP-38)","https://youtu.be/IV1dHbk5CDc"
"Step 16 : Dynamic Programming [Patterns and Problems]","Buy and Sell Stocks With Cooldown|(DP-39)","https://youtu.be/IGIe46xw3YY"
"Step 16 : Dynamic Programming [Patterns and Problems]","Buy and Sell Stocks With Transaction Fee|(DP-40)","https://youtu.be/k4eK-vEmnKg"
"Step 16 : Dynamic Programming [Patterns and Problems]","Longest Increasing Subsequence |(DP-41)","https://youtu.be/ekcwMsSIzVc"
"Step 16 : Dynamic Programming [Patterns and Problems]","Printing Longest Increasing Subsequence|(DP-42)","https://youtu.be/IFfYfonAFGc"
"Step 16 : Dynamic Programming [Patterns and Problems]","Longest Increasing Subsequence |(DP-43)","https://youtu.be/on2hvxBXJH4"
"Step 16 : Dynamic Programming [Patterns and Problems]","Largest Divisible Subset|(DP-44)","https://youtu.be/gDuZwBW9VvM"
"Step 16 : Dynamic Programming [Patterns and Problems]","Longest String Chain|(DP-45)","https://youtu.be/YY8iBaYcc4g"
"Step 16 : Dynamic Programming [Patterns and Problems]","Longest Bitonic Subsequence |(DP-46)","https://youtu.be/y4vN0WNdrlg"
"Step 16 : Dynamic Programming [Patterns and Problems]","Number of Longest Increasing Subsequences|(DP-47)","https://youtu.be/cKVl1TFdNXg"
"Step 16 : Dynamic Programming [Patterns and Problems]","Matrix Chain Multiplication|(DP-48)","https://youtu.be/vRVfmbCFW7Y"
"Step 16 : Dynamic Programming [Patterns and Problems]","Matrix Chain Multiplication | Bottom-Up|(DP-49)","https://youtu.be/pDCXsbAw5Cg"
"Step 16 : Dynamic Programming [Patterns and Problems]","Minimum Cost to Cut the Stick|(DP-50)","https://youtu.be/xwomavsC86c"
"Step 16 : Dynamic Programming [Patterns and Problems]","Burst Balloons|(DP-51)","https://youtu.be/Yz4LlDSlkns"
"Step 16 : Dynamic Programming [Patterns and Problems]","Evaluate Boolean Expression to True|(DP-52)","https://youtu.be/MM7fXopgyjw"
"Step 16 : Dynamic Programming [Patterns and Problems]","Palindrome Partitioning - II|(DP-53)","https://youtu.be/_H8V5hJUGd0"
"Step 16 : Dynamic Programming [Patterns and Problems]","Partition Array for Maximum Sum|(DP-54)","https://youtu.be/PhWWJmaKfMc"
"Step 16 : Dynamic Programming [Patterns and Problems]","Maximum Rectangle Area with all 1's|(DP-55)","https://youtu.be/tOylVCugy9k"
"Step 16 : Dynamic Programming [Patterns and Problems]","Count Square Submatrices with All Ones|(DP-56)","https://youtu.be/auS1fynpnjo"
"Step 17 : Tries","Implement TRIE | INSERT | SEARCH | STARTSWITH","https://www.youtube.com/watch?v=dBGUmUQhjaM&list=PLgUwDviBIf0pcIDCZnxhv0LkHf5KzG9zp"
"Step 17 : Tries","Implement Trie - 2 (Prefix Tree)",""
"Step 17 : Tries","Longest String with All Prefixes","https://www.youtube.com/watch?v=AWnBa91lThI&list=PLgUwDviBIf0pcIDCZnxhv0LkHf5KzG9zp&index=3"
"Step 17 : Tries","Number of Distinct Substrings in a String","https://www.youtube.com/watch?v=RV0QeTyHZxo&list=PLgUwDviBIf0pcIDCZnxhv0LkHf5KzG9zp&index=4"
"Step 17 : Tries","Bit PreRequisites for TRIE Problems","https://youtu.be/5iyuU4hQFrw"
"Step 17 : Tries","Maximum XOR of two numbers in an array","https://www.youtube.com/watch?v=EIhAwfHubE8&list=PLgUwDviBIf0pcIDCZnxhv0LkHf5KzG9zp&index=6"
"Step 17 : Tries","Maximum XOR With an Element From Array","https://www.youtube.com/watch?v=Q8LhG9Pi5KM&list=PLgUwDviBIf0pcIDCZnxhv0LkHf5KzG9zp&index=7"
"Step 18 : Strings","Minimum number of bracket reversals needed to make an expression balanced",""
"Step 18 : Strings","Count and say",""
"Step 18 : Strings","Hashing In Strings | Theory",""
"Step 18 : Strings","Rabin Karp",""
"Step 18 : Strings","Z-Function",""
"Step 18 : Strings","KMP algo / LPS(pi) array",""
"Step 18 : Strings","Shortest Palindrome",""
"Step 18 : Strings","Longest happy prefix",""
"Step 18 : Strings","Count palindromic subsequence in given string",""
"Step 1 : Learn the basics","C++ STL",""
"Step 1 : Learn the basics","Java Collections",""
"Step 1 : Learn the basics","Patterns",""
