1,SuperSimpleDev,JavaScript Tutorial Full Course - Beginner to Pro,Video,English,Beginner to Advanced,1,22.0,"Comprehensive beginner-to-advanced JavaScript course covering fundamentals, DOM, asynchronous programming, object-oriented programming, modules, APIs, projects, and modern JavaScript best practices.",https://www.youtube.com/@SuperSimpleDev,https://www.youtube.com/watch?v=EerdGm-ehJQ
2,Bro Code,JavaScript tutorial for beginners,Playlist,English,Beginner to Intermediate,80,12.0,"Well-structured playlist covering JavaScript fundamentals, DOM, events, OOP, asynchronous programming, APIs, JSON, modules, and practical exercises through bite-sized lessons.",https://www.youtube.com/@BroCodez,https://www.youtube.com/playlist?list=PLZPZq0r_RZO01zg0O4bUfuLpizCeHYKv
3,Dave Gray,JavaScript Full Course for Beginners | Complete All-in-One Tutorial | 8 Hours,Video,English,Beginner to Intermediate,1,7.9,"Structured all-in-one JavaScript course emphasizing core language concepts, DOM manipulation, functions, arrays, objects, asynchronous JavaScript, and best practices.",https://www.youtube.com/@DaveGrayTeachesCode,https://www.youtube.com/watch?v=EfAl9bwzVZk
4,Tap Academy,Complete JavaScript Course | 2025,Playlist,English,Beginner to Advanced,40,11.0,"Complete JavaScript curriculum progressing from programming basics to advanced JavaScript concepts with structured lessons and coding demonstrations.",https://www.youtube.com/@TapAcademy,https://www.youtube.com/playlist?list=PLU83Ru7iGtAtTlQ8MRGHCBu4tzATiRfmY
5,Bro Code,JavaScript Full Course for free,Video,English,Beginner to Intermediate,1,12.0,"Long-form JavaScript course covering syntax, control flow, functions, arrays, objects, DOM, events, asynchronous programming, and practical coding examples.",https://www.youtube.com/@BroCodez,https://www.youtube.com/watch?v=lfmg-EJ8gm4
6,freeCodeCamp.org,Learn JavaScript - Full Course for Beginners,Video,English,Beginner to Intermediate,1,8.0,"Comprehensive beginner course by Beau Carnes covering JavaScript fundamentals, ES6 features, functions, objects, arrays, algorithms, and coding exercises.",https://www.youtube.com/@freecodecamp,https://www.youtube.com/watch?v=PkZNo7MFNFg
7,edureka!,JavaScript Tutorial For Beginners | Edureka,Playlist,English,Beginner to Intermediate,48,8.0,"Instructor-led JavaScript playlist covering language basics, DOM, events, objects, functions, ES6 concepts, and web development applications.",https://www.youtube.com/@edurekaIN,https://www.youtube.com/playlist?list=PL9ooVrP1hQOGOYVit61V7Y1uPZfnBvN86

1,Apna College,"JavaScript Full Course (2024) for Beginners to Pro (with Notes, Projects & Practice Questions)",Video,English,Beginner to Advanced,1,11.8,"Comprehensive beginner-to-advanced JavaScript course covering fundamentals, ES6+, DOM, asynchronous JavaScript, APIs, OOP, projects, practice questions, and interview-oriented concepts.",https://www.youtube.com/@ApnaCollegeOfficial,https://www.youtube.com/watch?v=VlPiVmYuoqw
2,Sheriyans Coding School,JavaScript Full Course | JavaScript - Learn Everything | Sheryians Coding School,Video,Hinglish,Beginner to Advanced,1,18.0,"Complete JavaScript course progressing from programming fundamentals to advanced concepts, DOM, asynchronous JavaScript, APIs, OOP, and practical projects with in-depth explanations.",https://www.youtube.com/@thesheryianscodingschool,https://www.youtube.com/watch?v=a-wVHL0lpb0
3,Shradha Khapra,JavaScript Full Course (2025-26) - Beginners to Pro,Playlist,Hinglish,Beginner to Advanced,14,19.0,"Structured playlist covering JavaScript fundamentals, arrays, strings, functions, DOM, events, asynchronous programming, APIs, projects, and interview preparation.",https://www.youtube.com/@ShradhaKhapra,https://www.youtube.com/playlist?list=PLGjplNEQ1it_oTvuLRNqXfz_v_Opq6unW
4,CodeWithHarry,JavaScript Tutorials for Beginners in Hindi,Playlist,Hindi,Beginner to Advanced,103,20.0,"Extensive JavaScript playlist covering fundamentals, DOM, BOM, ES6, asynchronous programming, APIs, OOP, browser features, and practical web development concepts.",https://www.youtube.com/@CodeWithHarry,https://www.youtube.com/playlist?list=PLu0W_9lII9ahR1blWXxgSLI4y9iQBnlpR
5,Coder Army,Javascript Full Course,Playlist,Hindi,Beginner to Advanced,22,22.0,"Modern JavaScript playlist covering variables, data types, memory management, DOM, control flow, functions, asynchronous programming, and advanced JavaScript concepts.",https://www.youtube.com/@CoderArmy9,https://www.youtube.com/playlist?list=PLQEaRBV9gAFuf-27K64I7-IhV7o0fr9zx7

1,Telugu WebTech,JavaScript Tutorials for Beginners in Telugu,playlist,Telugu,beginner-to-advanced,55,~8 (estimated),"Full JavaScript playlist for absolute beginners, broken into granular lessons like Introduction, Implementation, Variables, and Data Types, progressing beginner to pro.",https://www.youtube.com/channel/UCZ6CPEyg4iw1Rv9JuLmsVYQ,https://www.youtube.com/playlist?list=PLZca26lQcxTplSgALWexhmuE6L1d3oDm5
2,College Coders,JAVASCRIPT FULL COURSE IN TELUGU,playlist,Telugu,beginner-to-advanced,25,~6 (estimated),"JavaScript full course playlist covering topics like Math Operations, Price Calculations, Strings, HTML/CSS/JS integration, and a Quantity project.",https://www.youtube.com/channel/UChHL149uB4p2NGl00EOp1qw,https://www.youtube.com/playlist?list=PLD7HLs2NCdoU7aqlOpVrkBOU8EEzkMEnE
3,Deekshitha Tech Talks,JAVASCRIPT FULL COURSE IN TELUGU FOR BEGINNERS TO PRO,playlist,Telugu,beginner-to-advanced (claimed),8,~4.5 (estimated),"JavaScript course covering arithmetic operators, logical operators, loops, functions, DOM manipulation, event handling, and a Todo List project.",unknown,https://www.youtube.com/playlist?list=PLpp0qTynBRqlfMUd_-A65HQ8gAZ-evWLR
4,College Coders,Complete JavaScript Course in Telugu | Learn JavaScript from Basics to Advanced,single video,Telugu,beginner-to-advanced (claimed),1,unknown,"Single-video JavaScript course covering topics from scratch to advanced with real-world examples explained in Telugu.",https://www.youtube.com/channel/UChHL149uB4p2NGl00EOp1qw,https://www.youtube.com/watch?v=Flkm2aear6A
5,PythonLife,Javascript in 2Hours | Javascript Zero to Hero | Javascript in Telugu | Javascript OneShot,single video,Telugu,beginner-to-advanced (claimed),1,~2,"A 2-hour one-shot JavaScript crash course covering the language from zero to hero in Telugu.",https://www.youtube.com/@PythonLifetelugu,https://www.youtube.com/watch?v=Yrhdv_Z-JzU