1,Codevolution,React 19 Complete Tutorial,playlist,English,Beginner to Advanced,38,5.5,"Comprehensive, well-structured playlist covering React 19 core fundamentals, component architecture, hooks, state management, and modern patterns from scratch.",https://www.youtube.com/@Codevolution,https://www.youtube.com/playlist?list=PLC3y8-rFHvwg9D7EOSEBabuutIdKZN5V3
2,Dave Gray,React JS Full Course for Beginners | Complete All-in-One Tutorial | 9 Hours,video,English,Beginner to Intermediate,1,9.0,"In-depth full-length course covering components, state, hooks, custom hooks, API integration, and full project structure with high educational depth.",https://www.youtube.com/@DaveGrayTeachesCode,https://www.youtube.com/watch?v=RVFAyFWO4go
3,SuperSimpleDev,"React Tutorial Full Course - Beginner to Pro (React 19, 2025)",video,English,Beginner to Intermediate,1,12.0,"Detailed hands-on tutorial updated for React 19 covering JSX, state, props, hooks, event handling, and practical building blocks.",https://www.youtube.com/@SuperSimpleDev,https://www.youtube.com/watch?v=TtPXvEcE11E
4,freeCodeCamp.org,Learn React JS - Full Beginner’s Tutorial & Practice Projects,video,English,Beginner to Intermediate,1,11.8,"Interactive, project-driven course focusing on core React basics, state management, side effects, and multiple practice projects.",https://www.youtube.com/@freecodecamp,https://www.youtube.com/watch?v=x4rFhThSX04
5,Bro Code,React Full Course for free ⚛️,video,English,Beginner,1,4.72,"Beginner-friendly introductory course covering core React concepts, basic hooks, props, component rendering, and simple exercises.",https://www.youtube.com/@BroCodez,https://www.youtube.com/watch?v=CgkZ7MvWUAA
1,College Coders,React JS Full Course in Telugu | 15 Hours Complete Beginner to Advanced Course 🔥,video,Telugu,Beginner to Advanced,1,14.26,"Comprehensive 15-hour course covering React JS step-by-step from core fundamentals to advanced topics.",https://www.youtube/@CollegeCoders,https://www.youtube.com/watch?v=1UdRDCIvdNk
2,College Coders,REACT JS BEGINNER FULL COURSE IN TELUGU,playlist,Telugu,Beginner to Advanced,28,N/A,"Structured playlist tutorial series breaking down JSX, props, state, and React concepts into modular lessons.",https://www.youtube/@CollegeCoders,https://www.youtube.com/playlist?list=PLD7HLs2NCdoVkRBgtE5lfVBrbc8lO-GCi
3,Telugu WebTech,React Tutorials for Beginners in Telugu,playlist,Telugu,Beginner,38,N/A,"Full playlist course explaining React installation, folder structure, component hierarchy, and fundamental state management.",https://www.youtube/@TeluguWebTech,https://www.youtube.com/playlist?list=PLZca26lQcxTrsL0mhF2kA58PtwM-gXu_E
4,CS World Telugu,React Js Tutorials in Telugu,playlist,Telugu,Beginner to Intermediate,75,N/A,"Extensive day-by-day tutorial series walking through the React roadmap, setup, folder structures, and concepts.",https://www.youtube/@CSWorldTelugu,https://www.youtube.com/playlist?list=PLzdWZT-ZJD0-806wl_diOtzcMS8SYTzq3
5,Telugu WebTech,React Tutorials in Telugu | React JS Beginner Course,video,Telugu,Beginner,1,N/A,"Introductory video tutorial explaining virtual DOM, component-based UI development, and React basics.",https://www.youtube/@TeluguWebTech,https://www.youtube.com/watch?v=JvENsHqWXfw
1,Anurag Singh ProCodrr,React.js Full Course in Hindi | Zero to Advanced in 28 Hours,playlist,Hindi,Beginner to Advanced,55,28.0,"Comprehensive multi-part course covering React from foundational concepts, setup, DOM manipulation to advanced features.",https://www.youtube.com/@ProCodrr,https://www.youtube.com/playlist?list=PLfEr2kn3s-bqpPUbeTZP6iRXTxTLwNB7F
2,CodeWithHarry,React Js Tutorials in Hindi,playlist,Hindi,Beginner to Intermediate,78,14.0,"Step-by-step React JS tutorial playlist in Hindi covering setup, components, state management, hooks, and project building.",https://www.youtube.com/@CodeWithHarry,https://www.youtube.com/playlist?list=PLu0W_9lII9agx66oZnT6IyhcMIbUMNMdt
3,WsCube Tech,React JS Full Course with Project: Beginner to PRO Tutorial in 9 HOURS,video,Hindi,Beginner to Advanced,1,9.0,"Complete 9-hour React JS course in Hindi explaining fundamental concepts, component architecture, state management, and real-world project development.",https://www.youtube.com/@wscubetech,https://www.youtube.com/watch?v=ZaC6oCIpjR0
4,Web Dev Mastery,🚀 React JS Full Course in Hindi (2026) | Complete React JS 19...,playlist,Hindi,Beginner to Intermediate,29,10.0,"Updated playlist focused on React JS 19 fundamentals including components, JSX, props, conditional rendering, and practical projects.",https://www.youtube.com/@WebDevMastery,https://www.youtube.com/playlist?list=PL-CeQccLavFdWbvPJLg2ig-ImCNmf44mj
5,Apna College,ReactJS Tutorial for Beginners | Learn React in 2.5 Hours | Part 1,video,Hindi,Beginner,1,2.5,"Quick-paced beginner tutorial covering core React fundamentals, setup, basic component building blocks, and simple exercises.",https://www.youtube.com/@ApnaCollegeOfficial,https://www.youtube.com/watch?v=gY5sGvq-8h8
6,WsCube Tech,React JS Full Tutorial for Beginners | What is React JS? - Learn React JS in 9 Hours,video,Hindi,Beginner,1,9.0,"Comprehensive crash course explaining what React JS is and step-by-step implementation for absolute beginners.",https://www.youtube.com/@wscubetech,https://www.youtube.com/watch?v=ygsrt33azpk&list=PLjVLYmrlmjGdnIQKgnTeR1T9-1ItJEaJh